Timestamp,Pipeline_Stage,Status,Duration_Seconds,Error_Message,Notes
2026-07-19 16:52:22,PIPELINE_START,SUCCESS,0.0,,Full pipeline execution initiated
2026-07-19 16:52:23,BRONZE,SUCCESS,0.97,,
2026-07-19 16:52:23,SILVER,SUCCESS,0.25,,
2026-07-19 16:52:23,GOLD,SUCCESS,0.32,,
2026-07-19 16:52:24,RESILIENCE_TEST,SUCCESS,0.79,,
2026-07-19 16:52:24,PIPELINE_END,SUCCESS,0.0,,Full pipeline execution completed
2026-07-19 17:06:30,PIPELINE_START,SUCCESS,0.0,,Full pipeline execution initiated
2026-07-19 17:06:31,BRONZE,SUCCESS,0.46,,
2026-07-19 17:06:31,SILVER,SUCCESS,0.18,,
2026-07-19 17:06:31,GOLD,SUCCESS,0.3,,
2026-07-19 17:06:32,RESILIENCE_TEST,SUCCESS,0.51,,
2026-07-19 17:06:32,PIPELINE_END,SUCCESS,0.0,,Full pipeline execution completed
